<?xml version="1.0" encoding="UTF-8"?>
<project-private xmlns="http://www.netbeans.org/ns/project-private/1">
    <editor-bookmarks xmlns="http://www.netbeans.org/ns/editor-bookmarks/2" lastBookmarkId="0"/>
    <open-files xmlns="http://www.netbeans.org/ns/projectui-open-files/2">
        <group>
            <file>file:/home/jim_bug/NetBeansProjects/JimCal/src/java/it/java/jimcal/Date.java</file>
            <file>file:/home/jim_bug/NetBeansProjects/JimCal/src/java/it/java/jimcal/JimCal.java</file>
            <file>file:/home/jim_bug/NetBeansProjects/JimCal/web/WEB-INF/web.xml</file>
            <file>file:/home/jim_bug/NetBeansProjects/JimCal/web/WEB-INF/jsp/calendar.jsp</file>
            <file>file:/home/jim_bug/NetBeansProjects/JimCal/web/WEB-INF/jsp/error.jsp</file>
            <file>file:/home/jim_bug/NetBeansProjects/JimCal/web/WEB-INF/jsp/index.jsp</file>
        </group>
    </open-files>
</project-private>
